satellite,latitude,longitude,acquisition_time_utc,frp_mw,frp_uncertainty_mw,classification,product_id,product_name
S3B,25.364961624145508,94.70845794677734,2026-10-10 03:54:17.540417+00:00,9.15730094909668,1.2818487882614136,1,d4b2d5c8-bb22-4d9b-a5e0-57b49d75447a,S3B_SL_2_FRP____20261010T035251_20261010T035551_20261010T054236_0179_125_275______MAR_O_NR_003.SEN3
S3B,25.254364013671875,91.7047119140625,2026-10-10 03:54:41.516989+00:00,10.947921752929688,2.2129876613616943,1,d4b2d5c8-bb22-4d9b-a5e0-57b49d75447a,S3B_SL_2_FRP____20261010T035251_20261010T035551_20261010T054236_0179_125_275______MAR_O_NR_003.SEN3
S3A,28.28500747680664,83.93645477294922,2026-10-10 04:32:20.034903+00:00,9.350022315979004,1.6295722723007202,1,a3089dd1-7abe-4258-ace0-03772140d916,S3A_SL_2_FRP____20261010T043132_20261010T043432_20261010T062140_0180_145_033______MAR_O_NR_003.SEN3
S3A,21.924781799316406,83.80087280273438,2026-10-10 04:33:58.741029+00:00,8.290114402770996,1.758327841758728,1,a3089dd1-7abe-4258-ace0-03772140d916,S3A_SL_2_FRP____20261010T043132_20261010T043432_20261010T062140_0180_145_033______MAR_O_NR_003.SEN3
S3A,21.974807739257812,83.24030303955078,2026-10-10 04:34:01.436320+00:00,10.70793628692627,1.4274916648864746,1,a3089dd1-7abe-4258-ace0-03772140d916,S3A_SL_2_FRP____20261010T043132_20261010T043432_20261010T062140_0180_145_033______MAR_O_NR_003.SEN3
S3A,17.65633773803711,80.4827651977539,2026-10-10 04:35:29.618437+00:00,12.82266616821289,1.8691365718841553,1,d9bddc09-61cc-4854-a455-77b1aad2c05a,S3A_SL_2_FRP____20261010T043432_20261010T043732_20261010T062125_0179_145_033______MAR_O_NR_003.SEN3
S3A,17.359256744384766,80.91551971435547,2026-10-10 04:35:29.922196+00:00,43.38307571411133,5.41585636138916,1,d9bddc09-61cc-4854-a455-77b1aad2c05a,S3A_SL_2_FRP____20261010T043432_20261010T043732_20261010T062125_0179_145_033______MAR_O_NR_003.SEN3
S3A,17.04746437072754,81.44280242919922,2026-10-10 04:35:29.926870+00:00,15.388587951660156,2.5477523803710938,1,d9bddc09-61cc-4854-a455-77b1aad2c05a,S3A_SL_2_FRP____20261010T043432_20261010T043732_20261010T062125_0179_145_033______MAR_O_NR_003.SEN3
S3A,17.311458587646484,80.86224365234375,2026-10-10 04:35:31.121814+00:00,10.080421447753906,2.173710823059082,1,d9bddc09-61cc-4854-a455-77b1aad2c05a,S3A_SL_2_FRP____20261010T043432_20261010T043732_20261010T062125_0179_145_033______MAR_O_NR_003.SEN3
S3A,15.8603515625,78.54915618896484,2026-10-10 04:36:17.605237+00:00,23.401779174804688,3.8395354747772217,1,d9bddc09-61cc-4854-a455-77b1aad2c05a,S3A_SL_2_FRP____20261010T043432_20261010T043732_20261010T062125_0179_145_033______MAR_O_NR_003.SEN3
S3A,13.687906265258789,80.01007080078125,2026-10-10 04:36:32.918503+00:00,18.525218963623047,4.50351095199585,1,d9bddc09-61cc-4854-a455-77b1aad2c05a,S3A_SL_2_FRP____20261010T043432_20261010T043732_20261010T062125_0179_145_033______MAR_O_NR_003.SEN3
S3A,13.680719375610352,79.69915771484375,2026-10-10 04:36:36.215973+00:00,31.82868194580078,5.825098514556885,1,d9bddc09-61cc-4854-a455-77b1aad2c05a,S3A_SL_2_FRP____20261010T043432_20261010T043732_20261010T062125_0179_145_033______MAR_O_NR_003.SEN3
S3B,36.789432525634766,77.41712188720703,2026-10-10 05:31:53.376101+00:00,10.595288276672363,2.1823384761810303,1,ea39d7d9-9ca8-4b97-ab37-73fda792ca81,S3B_SL_2_FRP____20261010T053050_20261010T053350_20261010T072835_0179_125_276______MAR_O_NR_003.SEN3
S3B,35.229103088378906,74.27362823486328,2026-10-10 05:32:21.557336+00:00,9.072529792785645,1.757863998413086,1,ea39d7d9-9ca8-4b97-ab37-73fda792ca81,S3B_SL_2_FRP____20261010T053050_20261010T053350_20261010T072835_0179_125_276______MAR_O_NR_003.SEN3
S3B,31.828371047973633,74.0198974609375,2026-10-10 05:33:18.260977+00:00,13.766655921936035,1.5880951881408691,1,ea39d7d9-9ca8-4b97-ab37-73fda792ca81,S3B_SL_2_FRP____20261010T053050_20261010T053350_20261010T072835_0179_125_276______MAR_O_NR_003.SEN3
S3B,30.431827545166016,73.76089477539062,2026-10-10 05:33:41.961299+00:00,20.1564998626709,2.2912096977233887,1,ea39d7d9-9ca8-4b97-ab37-73fda792ca81,S3B_SL_2_FRP____20261010T053050_20261010T053350_20261010T072835_0179_125_276______MAR_O_NR_003.SEN3
S3B,30.54253387451172,72.0175552368164,2026-10-10 05:33:43.747947+00:00,9.322672843933105,1.1241425275802612,1,ea39d7d9-9ca8-4b97-ab37-73fda792ca81,S3B_SL_2_FRP____20261010T053050_20261010T053350_20261010T072835_0179_125_276______MAR_O_NR_003.SEN3
S3B,30.139680862426758,74.47084045410156,2026-10-10 05:33:46.766894+00:00,17.520977020263672,2.9409353733062744,1,ea39d7d9-9ca8-4b97-ab37-73fda792ca81,S3B_SL_2_FRP____20261010T053050_20261010T053350_20261010T072835_0179_125_276______MAR_O_NR_003.SEN3
S3B,30.130889892578125,74.4582748413086,2026-10-10 05:33:47.066797+00:00,50.85820388793945,5.500578880310059,1,ea39d7d9-9ca8-4b97-ab37-73fda792ca81,S3B_SL_2_FRP____20261010T053050_20261010T053350_20261010T072835_0179_125_276______MAR_O_NR_003.SEN3
S3B,30.0445613861084,74.77433013916016,2026-10-10 05:33:48.569174+00:00,24.68303108215332,3.3836135864257812,1,ea39d7d9-9ca8-4b97-ab37-73fda792ca81,S3B_SL_2_FRP____20261010T053050_20261010T053350_20261010T072835_0179_125_276______MAR_O_NR_003.SEN3
S3B,30.045080184936523,74.78601837158203,2026-10-10 05:33:48.569256+00:00,22.80585479736328,2.538717746734619,1,ea39d7d9-9ca8-4b97-ab37-73fda792ca81,S3B_SL_2_FRP____20261010T053050_20261010T053350_20261010T072835_0179_125_276______MAR_O_NR_003.SEN3
S3B,29.788820266723633,74.84687042236328,2026-10-10 05:33:53.070073+00:00,28.755735397338867,4.096866130828857,1,ea39d7d9-9ca8-4b97-ab37-73fda792ca81,S3B_SL_2_FRP____20261010T053050_20261010T053350_20261010T072835_0179_125_276______MAR_O_NR_003.SEN3
S3B,29.779661178588867,74.83397674560547,2026-10-10 05:33:53.369977+00:00,35.53092575073242,3.8586082458496094,1,ea39d7d9-9ca8-4b97-ab37-73fda792ca81,S3B_SL_2_FRP____20261010T053050_20261010T053350_20261010T072835_0179_125_276______MAR_O_NR_003.SEN3
S3B,29.5222225189209,72.73434448242188,2026-10-10 05:33:58.455028+00:00,9.833889961242676,2.5632636547088623,1,d8310279-d035-4cf5-8c3e-0bff92cbd585,S3B_SL_2_FRP____20261010T053350_20261010T053650_20261010T072738_0180_125_276______MAR_O_NR_003.SEN3
S3B,29.248291015625,70.39494323730469,2026-10-10 05:34:11.037251+00:00,25.367351531982422,2.985771656036377,1,d8310279-d035-4cf5-8c3e-0bff92cbd585,S3B_SL_2_FRP____20261010T053350_20261010T053650_20261010T072738_0180_125_276______MAR_O_NR_003.SEN3
S3B,28.65799331665039,76.51129913330078,2026-10-10 05:34:17.082542+00:00,16.558317184448242,3.5082387924194336,1,d8310279-d035-4cf5-8c3e-0bff92cbd585,S3B_SL_2_FRP____20261010T053350_20261010T053650_20261010T072738_0180_125_276______MAR_O_NR_003.SEN3
S3B,28.647314071655273,76.49812316894531,2026-10-10 05:34:17.382446+00:00,17.68015480041504,4.638211250305176,1,d8310279-d035-4cf5-8c3e-0bff92cbd585,S3B_SL_2_FRP____20261010T053350_20261010T053650_20261010T072738_0180_125_276______MAR_O_NR_003.SEN3
S3B,27.896665573120117,73.58808898925781,2026-10-10 05:34:25.163932+00:00,57.85799026489258,6.35765266418457,1,d8310279-d035-4cf5-8c3e-0bff92cbd585,S3B_SL_2_FRP____20261010T053350_20261010T053650_20261010T072738_0180_125_276______MAR_O_NR_003.SEN3
S3B,28.56334686279297,68.45000457763672,2026-10-10 05:34:33.823128+00:00,9.382973670959473,1.7181053161621094,1,d8310279-d035-4cf5-8c3e-0bff92cbd585,S3B_SL_2_FRP____20261010T053350_20261010T053650_20261010T072738_0180_125_276______MAR_O_NR_003.SEN3
S3B,23.225709915161133,70.25200653076172,2026-10-10 05:35:47.644868+00:00,11.702720642089844,1.699008822441101,1,d8310279-d035-4cf5-8c3e-0bff92cbd585,S3B_SL_2_FRP____20261010T053350_20261010T053650_20261010T072738_0180_125_276______MAR_O_NR_003.SEN3
S3B,22.54656219482422,72.54872131347656,2026-10-10 05:35:56.364096+00:00,9.12278938293457,1.462641716003418,1,d8310279-d035-4cf5-8c3e-0bff92cbd585,S3B_SL_2_FRP____20261010T053350_20261010T053650_20261010T072738_0180_125_276______MAR_O_NR_003.SEN3
S3B,21.91868782043457,72.11604309082031,2026-10-10 05:36:06.861697+00:00,18.892135620117188,3.4680135250091553,1,d8310279-d035-4cf5-8c3e-0bff92cbd585,S3B_SL_2_FRP____20261010T053350_20261010T053650_20261010T072738_0180_125_276______MAR_O_NR_003.SEN3
S3B,21.909770965576172,72.1042709350586,2026-10-10 05:36:07.161600+00:00,28.880504608154297,4.177775859832764,1,d8310279-d035-4cf5-8c3e-0bff92cbd585,S3B_SL_2_FRP____20261010T053350_20261010T053650_20261010T072738_0180_125_276______MAR_O_NR_003.SEN3
S3B,21.101821899414062,72.63774108886719,2026-10-10 05:36:21.566770+00:00,53.73671340942383,6.63761568069458,1,d8310279-d035-4cf5-8c3e-0bff92cbd585,S3B_SL_2_FRP____20261010T053350_20261010T053650_20261010T072738_0180_125_276______MAR_O_NR_003.SEN3
S3B,21.596649169921875,97.19023132324219,2026-10-10 15:04:22.219711+00:00,7.607249736785889,0.8028512597084045,1,5c833f2f-2544-4468-9314-0112a0450422,S3B_SL_2_FRP____20261010T150345_20261010T150645_20261010T155517_0179_125_282______MAR_O_NR_003.SEN3
S3A,16.62354850769043,95.59297943115234,2026-10-10 15:41:13.437420+00:00,4.891943454742432,1.4071987867355347,1,961b2f45-e7d9-4443-8c08-b97b43ef1b9c,S3A_SL_2_FRP____20261010T153927_20261010T154227_20261010T163445_0179_145_040______MAR_O_NR_003.SEN3
S3A,16.615724563598633,95.58580780029297,2026-10-10 15:41:13.437498+00:00,4.682424068450928,1.408284068107605,1,961b2f45-e7d9-4443-8c08-b97b43ef1b9c,S3A_SL_2_FRP____20261010T153927_20261010T154227_20261010T163445_0179_145_040______MAR_O_NR_003.SEN3
S3A,16.64128875732422,95.58899688720703,2026-10-10 15:41:13.737406+00:00,5.582559108734131,1.8436179161071777,1,961b2f45-e7d9-4443-8c08-b97b43ef1b9c,S3A_SL_2_FRP____20261010T153927_20261010T154227_20261010T163445_0179_145_040______MAR_O_NR_003.SEN3
S3A,16.65334129333496,95.61872100830078,2026-10-10 15:41:14.037146+00:00,3.8613553047180176,1.4065362215042114,1,961b2f45-e7d9-4443-8c08-b97b43ef1b9c,S3A_SL_2_FRP____20261010T153927_20261010T154227_20261010T163445_0179_145_040______MAR_O_NR_003.SEN3
S3A,16.655231475830078,95.60752868652344,2026-10-10 15:41:14.037227+00:00,3.943279981613159,1.4055898189544678,1,961b2f45-e7d9-4443-8c08-b97b43ef1b9c,S3A_SL_2_FRP____20261010T153927_20261010T154227_20261010T163445_0179_145_040______MAR_O_NR_003.SEN3
S3A,16.647430419921875,95.60034942626953,2026-10-10 15:41:14.037309+00:00,4.210698127746582,1.3975722789764404,1,961b2f45-e7d9-4443-8c08-b97b43ef1b9c,S3A_SL_2_FRP____20261010T153927_20261010T154227_20261010T163445_0179_145_040______MAR_O_NR_003.SEN3
S3A,16.657114028930664,95.59637451171875,2026-10-10 15:41:14.037309+00:00,5.2540154457092285,1.6010204553604126,1,961b2f45-e7d9-4443-8c08-b97b43ef1b9c,S3A_SL_2_FRP____20261010T153927_20261010T154227_20261010T163445_0179_145_040______MAR_O_NR_003.SEN3
S3A,16.649290084838867,95.58921813964844,2026-10-10 15:41:14.037391+00:00,5.782802104949951,1.4514992237091064,1,961b2f45-e7d9-4443-8c08-b97b43ef1b9c,S3A_SL_2_FRP____20261010T153927_20261010T154227_20261010T163445_0179_145_040______MAR_O_NR_003.SEN3
S3A,16.66722869873047,95.6373062133789,2026-10-10 15:41:14.336967+00:00,5.6291823387146,2.024489641189575,1,961b2f45-e7d9-4443-8c08-b97b43ef1b9c,S3A_SL_2_FRP____20261010T153927_20261010T154227_20261010T163445_0179_145_040______MAR_O_NR_003.SEN3
S3A,16.659439086914062,95.63011932373047,2026-10-10 15:41:14.337049+00:00,4.848968982696533,1.680368423461914,1,961b2f45-e7d9-4443-8c08-b97b43ef1b9c,S3A_SL_2_FRP____20261010T153927_20261010T154227_20261010T163445_0179_145_040______MAR_O_NR_003.SEN3
S3A,16.661365509033203,95.6189193725586,2026-10-10 15:41:14.337131+00:00,4.605457782745361,1.5389655828475952,1,961b2f45-e7d9-4443-8c08-b97b43ef1b9c,S3A_SL_2_FRP____20261010T153927_20261010T154227_20261010T163445_0179_145_040______MAR_O_NR_003.SEN3
S3A,16.663259506225586,95.60771942138672,2026-10-10 15:41:14.337213+00:00,4.736908912658691,1.5395938158035278,1,961b2f45-e7d9-4443-8c08-b97b43ef1b9c,S3A_SL_2_FRP____20261010T153927_20261010T154227_20261010T163445_0179_145_040______MAR_O_NR_003.SEN3
S3A,16.67908477783203,95.6671371459961,2026-10-10 15:41:14.636708+00:00,5.312380790710449,1.377152681350708,1,961b2f45-e7d9-4443-8c08-b97b43ef1b9c,S3A_SL_2_FRP____20261010T153927_20261010T154227_20261010T163445_0179_145_040______MAR_O_NR_003.SEN3
S3A,16.67134666442871,95.65995788574219,2026-10-10 15:41:14.636789+00:00,5.111333847045898,1.1757837533950806,1,961b2f45-e7d9-4443-8c08-b97b43ef1b9c,S3A_SL_2_FRP____20261010T153927_20261010T154227_20261010T163445_0179_145_040______MAR_O_NR_003.SEN3
S3A,16.68105125427246,95.65592193603516,2026-10-10 15:41:14.636790+00:00,5.924937725067139,1.397838830947876,1,961b2f45-e7d9-4443-8c08-b97b43ef1b9c,S3A_SL_2_FRP____20261010T153927_20261010T154227_20261010T163445_0179_145_040______MAR_O_NR_003.SEN3
S3A,16.673309326171875,95.64869689941406,2026-10-10 15:41:14.636871+00:00,5.699173927307129,2.011812686920166,1,961b2f45-e7d9-4443-8c08-b97b43ef1b9c,S3A_SL_2_FRP____20261010T153927_20261010T154227_20261010T163445_0179_145_040______MAR_O_NR_003.SEN3
S3A,16.684926986694336,95.63343811035156,2026-10-10 15:41:14.636953+00:00,4.265992164611816,1.43818998336792,1,961b2f45-e7d9-4443-8c08-b97b43ef1b9c,S3A_SL_2_FRP____20261010T153927_20261010T154227_20261010T163445_0179_145_040______MAR_O_NR_003.SEN3
S3A,16.686851501464844,95.62225341796875,2026-10-10 15:41:14.637036+00:00,4.643935680389404,1.7585885524749756,1,961b2f45-e7d9-4443-8c08-b97b43ef1b9c,S3A_SL_2_FRP____20261010T153927_20261010T154227_20261010T163445_0179_145_040______MAR_O_NR_003.SEN3
S3A,16.679067611694336,95.614990234375,2026-10-10 15:41:14.637117+00:00,4.9544596672058105,1.8852803707122803,1,961b2f45-e7d9-4443-8c08-b97b43ef1b9c,S3A_SL_2_FRP____20261010T153927_20261010T154227_20261010T163445_0179_145_040______MAR_O_NR_003.SEN3
S3A,16.689069747924805,95.65605926513672,2026-10-10 15:41:14.936775+00:00,4.98620080947876,1.8035085201263428,1,961b2f45-e7d9-4443-8c08-b97b43ef1b9c,S3A_SL_2_FRP____20261010T153927_20261010T154227_20261010T163445_0179_145_040______MAR_O_NR_003.SEN3
S3A,16.9519100189209,95.23339080810547,2026-10-10 15:41:18.239422+00:00,0.7962514758110046,0.34180930256843567,1,961b2f45-e7d9-4443-8c08-b97b43ef1b9c,S3A_SL_2_FRP____20261010T153927_20261010T154227_20261010T163445_0179_145_040______MAR_O_NR_003.SEN3
S3A,21.615924835205078,97.1969223022461,2026-10-10 15:42:52.114851+00:00,7.519391059875488,0.9016914367675781,1,961b2f45-e7d9-4443-8c08-b97b43ef1b9c,S3A_SL_2_FRP____20261010T153927_20261010T154227_20261010T163445_0179_145_040______MAR_O_NR_003.SEN3
S3A,22.35796546936035,87.02459716796875,2026-10-10 15:43:18.289088+00:00,5.475680828094482,0.5638245344161987,1,4950b765-d820-42d9-a0e3-c5de0c592955,S3A_SL_2_FRP____20261010T154227_20261010T154527_20261010T163442_0180_145_040______MAR_O_NR_003.SEN3
S3B,9.20327377319336,80.60545349121094,2026-10-10 16:41:23.476362+00:00,0.872285008430481,0.2773682773113251,1,552ac7fc-7956-4230-bba0-6e01fad229b3,S3B_SL_2_FRP____20261010T163845_20261010T164145_20261010T173559_0179_125_283______MAR_O_NR_003.SEN3
S3B,13.572007179260254,77.0262680053711,2026-10-10 16:42:42.396031+00:00,5.808533668518066,0.6774901747703552,1,594b8cb1-2b72-4d49-8c65-8bb69d0222b5,S3B_SL_2_FRP____20261010T164145_20261010T164445_20261010T173641_0179_125_283______MAR_O_NR_003.SEN3
S3B,13.823434829711914,78.07242584228516,2026-10-10 16:42:42.986534+00:00,3.4879915714263916,0.6367496252059937,1,594b8cb1-2b72-4d49-8c65-8bb69d0222b5,S3B_SL_2_FRP____20261010T164145_20261010T164445_20261010T173641_0179_125_283______MAR_O_NR_003.SEN3
S3B,14.543439865112305,76.5692367553711,2026-10-10 16:43:00.097404+00:00,2.6339845657348633,0.3407658636569977,1,594b8cb1-2b72-4d49-8c65-8bb69d0222b5,S3B_SL_2_FRP____20261010T164145_20261010T164445_20261010T173641_0179_125_283______MAR_O_NR_003.SEN3
S3B,15.176392555236816,76.68933868408203,2026-10-10 16:43:09.394816+00:00,2.527972459793091,0.9835252165794373,1,594b8cb1-2b72-4d49-8c65-8bb69d0222b5,S3B_SL_2_FRP____20261010T164145_20261010T164445_20261010T173641_0179_125_283______MAR_O_NR_003.SEN3
S3B,15.182724952697754,76.67790985107422,2026-10-10 16:43:09.694882+00:00,2.676698684692383,0.8659746050834656,1,594b8cb1-2b72-4d49-8c65-8bb69d0222b5,S3B_SL_2_FRP____20261010T164145_20261010T164445_20261010T173641_0179_125_283______MAR_O_NR_003.SEN3
S3B,15.18017864227295,76.66889953613281,2026-10-10 16:43:09.694964+00:00,2.50313138961792,0.9097709655761719,1,594b8cb1-2b72-4d49-8c65-8bb69d0222b5,S3B_SL_2_FRP____20261010T164145_20261010T164445_20261010T173641_0179_125_283______MAR_O_NR_003.SEN3
S3B,15.177608489990234,76.65985870361328,2026-10-10 16:43:09.695046+00:00,3.382383346557617,1.0686109066009521,1,594b8cb1-2b72-4d49-8c65-8bb69d0222b5,S3B_SL_2_FRP____20261010T164145_20261010T164445_20261010T173641_0179_125_283______MAR_O_NR_003.SEN3
S3B,15.183904647827148,76.64906311035156,2026-10-10 16:43:09.695128+00:00,4.253450393676758,0.5952529311180115,1,594b8cb1-2b72-4d49-8c65-8bb69d0222b5,S3B_SL_2_FRP____20261010T164145_20261010T164445_20261010T173641_0179_125_283______MAR_O_NR_003.SEN3
S3B,15.12160873413086,76.07521057128906,2026-10-10 16:43:11.800026+00:00,3.13071870803833,0.3337530195713043,1,594b8cb1-2b72-4d49-8c65-8bb69d0222b5,S3B_SL_2_FRP____20261010T164145_20261010T164445_20261010T173641_0179_125_283______MAR_O_NR_003.SEN3
S3B,16.46221160888672,78.19502258300781,2026-10-10 16:43:26.478925+00:00,3.654245615005493,0.5103603601455688,1,594b8cb1-2b72-4d49-8c65-8bb69d0222b5,S3B_SL_2_FRP____20261010T164145_20261010T164445_20261010T173641_0179_125_283______MAR_O_NR_003.SEN3
S3B,19.153949737548828,77.12196350097656,2026-10-10 16:44:12.681153+00:00,4.546394348144531,0.4763248860836029,1,594b8cb1-2b72-4d49-8c65-8bb69d0222b5,S3B_SL_2_FRP____20261010T164145_20261010T164445_20261010T173641_0179_125_283______MAR_O_NR_003.SEN3
S3B,18.541330337524414,74.44062805175781,2026-10-10 16:44:14.804507+00:00,5.106855869293213,1.3659913539886475,1,594b8cb1-2b72-4d49-8c65-8bb69d0222b5,S3B_SL_2_FRP____20261010T164145_20261010T164445_20261010T173641_0179_125_283______MAR_O_NR_003.SEN3
S3B,21.0085391998291,75.39405822753906,2026-10-10 16:44:47.790619+00:00,5.759467124938965,0.6102495789527893,1,594b8cb1-2b72-4d49-8c65-8bb69d0222b5,S3B_SL_2_FRP____20261010T164145_20261010T164445_20261010T173641_0179_125_283______MAR_O_NR_003.SEN3
S3B,21.339828491210938,78.9666976928711,2026-10-10 16:44:50.761092+00:00,4.894198894500732,0.5419319868087769,1,594b8cb1-2b72-4d49-8c65-8bb69d0222b5,S3B_SL_2_FRP____20261010T164145_20261010T164445_20261010T173641_0179_125_283______MAR_O_NR_003.SEN3
S3B,21.10515785217285,72.64716339111328,2026-10-10 16:45:07.611473+00:00,1.502788782119751,0.18809770047664642,1,b2641554-c7db-446d-930f-6e28ca509269,S3B_SL_2_FRP____20261010T164445_20261010T164745_20261010T173629_0180_125_283______MAR_O_NR_003.SEN3
S3B,21.089441299438477,72.63883209228516,2026-10-10 16:45:07.611554+00:00,1.7355748414993286,0.4396151304244995,1,b2641554-c7db-446d-930f-6e28ca509269,S3B_SL_2_FRP____20261010T164445_20261010T164745_20261010T173629_0180_125_283______MAR_O_NR_003.SEN3
S3B,21.09930992126465,72.6378402709961,2026-10-10 16:45:07.611554+00:00,22.633079528808594,2.3160078525543213,1,b2641554-c7db-446d-930f-6e28ca509269,S3B_SL_2_FRP____20261010T164445_20261010T164745_20261010T173629_0180_125_283______MAR_O_NR_003.SEN3
S3B,21.093421936035156,72.62847137451172,2026-10-10 16:45:07.611636+00:00,1.3211196660995483,0.4245813488960266,1,b2641554-c7db-446d-930f-6e28ca509269,S3B_SL_2_FRP____20261010T164445_20261010T164745_20261010T173629_0180_125_283______MAR_O_NR_003.SEN3
S3B,21.112932205200195,72.64344787597656,2026-10-10 16:45:07.911473+00:00,22.64956283569336,2.3317487239837646,1,b2641554-c7db-446d-930f-6e28ca509269,S3B_SL_2_FRP____20261010T164445_20261010T164745_20261010T173629_0180_125_283______MAR_O_NR_003.SEN3
S3B,21.1070613861084,72.63410949707031,2026-10-10 16:45:07.911554+00:00,5.838675498962402,0.7437944412231445,1,b2641554-c7db-446d-930f-6e28ca509269,S3B_SL_2_FRP____20261010T164445_20261010T164745_20261010T173629_0180_125_283______MAR_O_NR_003.SEN3
S3B,21.101192474365234,72.62478637695312,2026-10-10 16:45:07.911621+00:00,4.4572882652282715,0.6073595881462097,1,b2641554-c7db-446d-930f-6e28ca509269,S3B_SL_2_FRP____20261010T164445_20261010T164745_20261010T173629_0180_125_283______MAR_O_NR_003.SEN3
S3B,21.111066818237305,72.62379455566406,2026-10-10 16:45:07.911636+00:00,6.224111557006836,0.7485290169715881,1,b2641554-c7db-446d-930f-6e28ca509269,S3B_SL_2_FRP____20261010T164445_20261010T164745_20261010T173629_0180_125_283______MAR_O_NR_003.SEN3
S3B,21.095298767089844,72.61540222167969,2026-10-10 16:45:07.911703+00:00,3.51082706451416,0.5376378297805786,1,b2641554-c7db-446d-930f-6e28ca509269,S3B_SL_2_FRP____20261010T164445_20261010T164745_20261010T173629_0180_125_283______MAR_O_NR_003.SEN3
S3B,21.105182647705078,72.61445617675781,2026-10-10 16:45:07.911718+00:00,3.5089914798736572,0.5373438000679016,1,b2641554-c7db-446d-930f-6e28ca509269,S3B_SL_2_FRP____20261010T164445_20261010T164745_20261010T173629_0180_125_283______MAR_O_NR_003.SEN3
S3B,22.36184310913086,82.29570007324219,2026-10-10 16:45:28.236116+00:00,9.228443145751953,0.9759547710418701,1,594b8cb1-2b72-4d49-8c65-8bb69d0222b5,S3B_SL_2_FRP____20261010T164145_20261010T164445_20261010T173641_0179_125_283______MAR_O_NR_003.SEN3
S3B,21.757837295532227,84.00572967529297,2026-10-10 16:45:33.327605+00:00,24.074697494506836,3.803792953491211,1,594b8cb1-2b72-4d49-8c65-8bb69d0222b5,S3B_SL_2_FRP____20261010T164145_20261010T164445_20261010T173641_0179_125_283______MAR_O_NR_003.SEN3
S3B,23.165210723876953,82.33786010742188,2026-10-10 16:45:43.534422+00:00,10.108552932739258,1.165562391281128,1,b2641554-c7db-446d-930f-6e28ca509269,S3B_SL_2_FRP____20261010T164445_20261010T164745_20261010T173629_0180_125_283______MAR_O_NR_003.SEN3
S3B,26.728145599365234,73.707763671875,2026-10-10 16:46:25.889126+00:00,4.4496259689331055,0.5119823217391968,1,b2641554-c7db-446d-930f-6e28ca509269,S3B_SL_2_FRP____20261010T164445_20261010T164745_20261010T173629_0180_125_283______MAR_O_NR_003.SEN3
S3B,26.64626121520996,79.47098541259766,2026-10-10 16:46:27.346056+00:00,9.249131202697754,0.9725801944732666,1,b2641554-c7db-446d-930f-6e28ca509269,S3B_SL_2_FRP____20261010T164445_20261010T164745_20261010T173629_0180_125_283______MAR_O_NR_003.SEN3
S3B,28.78074073791504,77.11254119873047,2026-10-10 16:46:56.458041+00:00,5.7468647956848145,0.6859285831451416,1,b2641554-c7db-446d-930f-6e28ca509269,S3B_SL_2_FRP____20261010T164445_20261010T164745_20261010T173629_0180_125_283______MAR_O_NR_003.SEN3
S3B,28.772972106933594,77.10474395751953,2026-10-10 16:46:56.458123+00:00,13.778447151184082,1.452621340751648,1,b2641554-c7db-446d-930f-6e28ca509269,S3B_SL_2_FRP____20261010T164445_20261010T164745_20261010T173629_0180_125_283______MAR_O_NR_003.SEN3
S3B,28.059202194213867,69.361328125,2026-10-10 16:47:19.316000+00:00,9.64265251159668,0.9872146844863892,1,b2641554-c7db-446d-930f-6e28ca509269,S3B_SL_2_FRP____20261010T164445_20261010T164745_20261010T173629_0180_125_283______MAR_O_NR_003.SEN3
S3B,30.175962448120117,73.52943420410156,2026-10-10 16:47:21.681452+00:00,3.3259811401367188,0.3536688983440399,1,b2641554-c7db-446d-930f-6e28ca509269,S3B_SL_2_FRP____20261010T164445_20261010T164745_20261010T173629_0180_125_283______MAR_O_NR_003.SEN3
S3A,28.07085418701172,69.37857055664062,2026-10-10 17:25:33.247575+00:00,5.140766620635986,0.5534631609916687,1,06e5699b-7d64-47f3-9e64-aaf7fc997c73,S3A_SL_2_FRP____20261010T172326_20261010T172626_20261010T181517_0179_145_041______MAR_O_NR_003.SEN3
